emp_no,dept_name
10095,Sales
10122,Development
10291,Sales
10476,Research
10663,Production
10762,Research
10933,Production
12155,Production
12408,Development
12643,Finance
13499,Production
14075,Development
14104,Human Resources
14127,Production
14158,Sales
14476,Production
14907,Sales
15050,Production
15058,Finance
15413,Development
16461,Sales
16528,Production
17013,Finance
17206,Production
17369,Production
17447,Sales
17731,Development
17970,Production
17988,Production
18021,Development
18424,Development
18583,Customer Service
18617,Human Resources
18810,Development
19236,Production
19350,Customer Service
19803,Development
20100,Marketing
20128,Customer Service
20129,Production
20248,Customer Service
20313,Production
20500,Customer Service
20885,Production
21181,Production
21188,Development
21546,Marketing
21843,Development
21909,Sales
22185,Production
22415,Sales
22451,Development
22455,Marketing
22926,Production
23396,Production
24080,Development
24205,Development
24377,Quality Management
24394,Sales
24553,Sales
24571,Production
25488,Research
26629,Research
26671,Development
26788,Development
27331,Customer Service
27378,Finance
27620,Production
27686,Sales
27699,Production
27767,Customer Service
28193,Development
28974,Development
28988,Production
29130,Marketing
29265,Customer Service
29380,Production
29418,Production
29679,Development
29782,Production
29954,Production
30007,Production
30035,Research
30154,Development
30182,Development
30465,Development
30484,Sales
30695,Development
30938,Marketing
31147,Finance
31188,Production
31207,Production
31341,Finance
31514,Development
31568,Marketing
31909,Production
32347,Marketing
32552,Development
32649,Research
32714,Marketing
32844,Development
33025,Customer Service
33215,Production
33722,Development
34077,Sales
34261,Human Resources
34446,Development
34452,Production
34505,Sales
34533,Production
34780,Marketing
34788,Production
34936,Production
35044,Production
35087,Customer Service
35441,Development
35642,Production
35793,Customer Service
35798,Development
36521,Finance
36626,Sales
36733,Customer Service
36844,Customer Service
36982,Quality Management
37070,Customer Service
37945,Development
38043,Development
38103,Production
38168,Sales
38550,Quality Management
38593,Production
38947,Marketing
39000,Research
39036,Human Resources
39301,Research
39341,Production
39952,Sales
40269,Sales
40283,Development
40301,Production
40536,Development
40765,Research
40773,Customer Service
40983,Development
41114,Production
41137,Sales
41357,Development
41518,Production
41520,Development
41609,Sales
42778,Human Resources
42911,Production
42950,Research
42955,Quality Management
43154,Finance
43733,Human Resources
43848,Production
44054,Development
44265,Development
44540,Development
44900,Marketing
44959,Production
44962,Development
45162,Development
46000,Customer Service
46328,Sales
46811,Production
46834,Sales
46943,Development
47016,Customer Service
47139,Development
47262,Development
47515,Development
47702,Sales
47708,Marketing
48275,Sales
48690,Human Resources
48882,Production
48904,Finance
48947,Sales
49010,Marketing
49017,Development
49119,Production
49177,Production
49464,Sales
49477,Human Resources
50293,Production
50311,Quality Management
50453,Finance
50670,Marketing
50831,Production
51036,Sales
51057,Marketing
51060,Development
51142,Development
52038,Production
52040,Development
52283,Research
52386,Sales
52590,Research
52599,Production
52639,Sales
52770,Sales
52778,Quality Management
52956,Production
52970,Production
53278,Sales
53314,Research
53431,Marketing
53499,Production
53597,Development
53874,Marketing
53924,Production
54198,Development
54632,Finance
54795,Customer Service
54800,Sales
55640,Production
55687,Development
55799,Production
55857,Sales
56105,Development
56209,Production
56415,Finance
56428,Sales
56682,Development
56829,Production
56847,Production
57934,Development
58141,Finance
58147,Marketing
58384,Development
58454,Production
58497,Marketing
58819,Sales
58990,Development
59195,Development
59640,Finance
59869,Marketing
59966,Production
60000,Development
60091,Customer Service
60238,Sales
60559,Production
60821,Human Resources
60845,Production
60875,Quality Management
60959,Marketing
61147,Marketing
61253,Development
61377,Production
61541,Development
61873,Quality Management
62033,Production
62046,Production
62245,Development
63294,Production
63419,Production
63441,Human Resources
63566,Sales
63631,Customer Service
63706,Development
64023,Development
64209,Customer Service
64487,Quality Management
64532,Production
64632,Sales
64790,Development
64828,Sales
64984,Production
65171,Production
65539,Development
65883,Sales
65998,Sales
66382,Production
66530,Research
66643,Production
66702,Development
66757,Marketing
66807,Development
67320,Marketing
67548,Human Resources
67934,Production
68416,Production
68608,Production
68633,Production
68648,Development
69052,Sales
69219,Marketing
69867,Sales
69878,Development
69936,Development
70469,Marketing
70990,Production
71066,Sales
71141,Human Resources
71188,Sales
71243,Production
71334,Development
71685,Production
71710,Development
71745,Development
72190,Development
72194,Production
72232,Quality Management
72640,Quality Management
72918,Sales
73076,Development
73233,Production
73516,Production
73743,Production
74200,Production
74344,Development
74668,Sales
74800,Production
75354,Development
75703,Development
76189,Production
76201,Development
76640,Quality Management
77030,Development
77303,Customer Service
77647,Production
77815,Development
78106,Marketing
78363,Quality Management
78469,Human Resources
78871,Development
79043,Production
79171,Production
79310,Marketing
79606,Development
79763,Marketing
79895,Sales
80067,Customer Service
80203,Sales
80432,Research
80731,Sales
80850,Production
80889,Development
80948,Development
81105,Development
81545,Development
81644,Sales
81995,Development
82069,Production
82098,Production
82351,Human Resources
82511,Development
82919,Development
82928,Development
83280,Production
83289,Development
83509,Development
83544,Sales
83714,Production
83805,Development
83941,Research
84029,Customer Service
84179,Production
84236,Sales
84315,Development
84451,Development
84508,Development
84840,Research
84922,Development
84942,Quality Management
85216,Finance
85288,Production
85414,Finance
85445,Sales
85702,Quality Management
85874,Customer Service
86213,Marketing
86354,Development
86422,Marketing
86546,Production
86655,Production
86672,Research
87129,Sales
87353,Development
87714,Production
87729,Research
87783,Development
88103,Sales
88411,Development
88422,Production
88647,Development
88958,Finance
88965,Development
89048,Development
89090,Human Resources
89161,Finance
89207,Human Resources
89346,Development
89590,Research
89664,Marketing
89680,Production
89806,Production
89922,Production
89941,Marketing
90077,Development
90084,Production
90211,Production
90292,Production
90518,Customer Service
90614,Production
90692,Marketing
91172,Customer Service
91182,Development
91229,Production
91256,Marketing
91333,Sales
91415,Sales
91648,Marketing
92438,Customer Service
92454,Quality Management
92577,Production
92598,Production
92685,Sales
92841,Sales
92846,Marketing
92920,Development
93040,Development
93220,Quality Management
93278,Production
93549,Finance
93600,Production
94331,Production
94416,Finance
94761,Development
94944,Development
95181,Research
95286,Development
95314,Sales
95406,Development
95416,Development
95509,Production
95920,Finance
96571,Production
96579,Production
96767,Production
97018,Production
97623,Human Resources
97661,Research
98288,Research
98306,Production
98639,Research
99057,Customer Service
99373,Customer Service
99377,Development
99590,Sales
99654,Research
100865,Production
100916,Development
101487,Sales
101647,Sales
101902,Sales
102620,Production
103196,Human Resources
103310,Marketing
103316,Development
103342,Quality Management
103756,Development
104133,Sales
104845,Finance
104988,Development
105342,Quality Management
105356,Research
105432,Development
105520,Sales
105731,Development
106096,Production
106242,Human Resources
106695,Development
106710,Marketing
107486,Development
107737,Development
107792,Marketing
107828,Sales
108091,Customer Service
108198,Research
108316,Production
108988,Sales
109062,Development
109211,Development
109252,Production
109278,Finance
109552,Development
109598,Finance
109620,Sales
109703,Production
109741,Production
109953,Sales
200267,Customer Service
200312,Production
200363,Development
200735,Marketing
200789,Marketing
201229,Human Resources
201708,Human Resources
201709,Finance
201739,Development
201801,Development
201915,Production
202291,Production
202403,Production
202414,Customer Service
202552,Production
202826,Development
202882,Development
202950,Human Resources
203474,Sales
203495,Development
203599,Development
203720,Sales
203946,Human Resources
204117,Customer Service
204133,Finance
204246,Research
204425,Development
204470,Customer Service
204471,Development
204764,Development
205018,Quality Management
205085,Development
205174,Marketing
205500,Development
205627,Production
205660,Human Resources
205699,Sales
205789,Finance
205863,Quality Management
206748,Sales
206836,Research
206966,Development
207021,Production
207068,Marketing
207204,Development
207401,Research
207551,Development
207779,Research
207980,Human Resources
208147,Development
208330,Sales
208639,Sales
208653,Development
208784,Production
209101,Quality Management
209443,Human Resources
209565,Marketing
209712,Development
210017,Human Resources
210292,Human Resources
210449,Production
210752,Marketing
210786,Human Resources
211858,Production
211879,Development
211967,Development
212093,Human Resources
212154,Customer Service
212361,Quality Management
213016,Development
213140,Sales
213384,Development
213447,Production
214215,Sales
214391,Customer Service
214427,Production
214539,Development
214634,Development
214789,Production
214866,Development
214995,Production
215419,Human Resources
215629,Customer Service
215746,Finance
215843,Marketing
216054,Research
216342,Development
216375,Development
216502,Development
216573,Production
216921,Sales
217026,Sales
217080,Development
217272,Sales
217286,Development
217320,Quality Management
217363,Customer Service
217387,Development
217551,Production
217800,Finance
218022,Development
218100,Human Resources
218831,Production
219035,Quality Management
219047,Development
219052,Marketing
219417,Research
219497,Development
219967,Human Resources
220029,Development
220131,Development
220418,Sales
220528,Research
220582,Marketing
220611,Sales
220625,Production
220699,Customer Service
220799,Research
221126,Development
221367,Customer Service
221369,Quality Management
221435,Production
221973,Marketing
222206,Human Resources
222311,Development
222319,Development
222354,Development
222616,Quality Management
222770,Development
222878,Production
222926,Development
222952,Production
222998,Marketing
223593,Marketing
223595,Production
224135,Development
224335,Development
224390,Research
224934,Human Resources
225438,Sales
225601,Development
225788,Development
225867,Quality Management
225964,Production
226216,Quality Management
226227,Production
227354,Development
227476,Development
227681,Finance
227899,Marketing
227901,Research
228098,Customer Service
228248,Research
228554,Sales
228766,Development
229098,Customer Service
229220,Production
229248,Research
229386,Customer Service
229391,Production
229404,Human Resources
229547,Sales
229727,Development
229981,Production
230002,Development
230126,Customer Service
230287,Production
230354,Human Resources
230498,Production
230579,Finance
230689,Sales
230865,Marketing
231069,Sales
231459,Production
231671,Customer Service
231798,Development
232178,Human Resources
232209,Quality Management
232697,Production
232723,Quality Management
233114,Development
233394,Development
233397,Sales
233426,Development
233690,Development
233759,Customer Service
233765,Development
233785,Sales
233818,Development
234195,Sales
234739,Production
235017,Sales
235096,Sales
235325,Development
235368,Production
235458,Research
235729,Marketing
235780,Production
235793,Quality Management
236315,Development
236566,Customer Service
236591,Marketing
236827,Development
236883,Sales
236964,Sales
238112,Production
238252,Sales
238422,Sales
238949,Sales
239067,Sales
239244,Sales
239415,Production
239426,Development
239664,Production
239706,Production
239748,Sales
239803,Research
240132,Customer Service
240236,Production
240285,Customer Service
240340,Production
240438,Customer Service
240870,Production
241100,Development
241254,Development
241292,Marketing
241567,Development
241667,Production
241728,Customer Service
241872,Customer Service
242019,Production
242081,Production
242104,Marketing
242500,Sales
242800,Development
243018,Marketing
243077,Production
243576,Sales
243637,Marketing
243898,Marketing
244308,Marketing
244605,Finance
244624,Research
244711,Production
244714,Production
244820,Development
244873,Sales
245164,Production
245396,Human Resources
245664,Sales
246146,Quality Management
246244,Human Resources
246364,Development
246764,Sales
246798,Marketing
246902,Human Resources
247089,Sales
247122,Human Resources
247447,Production
247456,Production
247612,Development
247875,Marketing
247888,Quality Management
248256,Sales
248351,Marketing
248758,Sales
248953,Production
249239,Development
249325,Sales
249433,Production
249504,Development
249780,Production
249799,Development
249866,Sales
249969,Production
250411,Sales
250452,Development
250748,Development
251166,Finance
251233,Production
251301,Sales
251341,Human Resources
251403,Development
251437,Development
251645,Sales
251680,Development
251814,Production
252185,Quality Management
252316,Development
252392,Production
253029,Quality Management
253707,Sales
253838,Production
253893,Production
254044,Quality Management
254399,Production
254821,Sales
255466,Production
255657,Development
255779,Production
256216,Production
256856,Human Resources
256881,Development
256888,Marketing
257062,Development
257378,Marketing
257469,Finance
257484,Human Resources
258028,Development
258124,Sales
258470,Sales
258643,Development
259042,Sales
259237,Customer Service
259273,Production
259611,Sales
259619,Finance
259718,Development
260153,Development
260249,Customer Service
260361,Production
260399,Finance
260408,Customer Service
260501,Development
261184,Production
261631,Development
261662,Finance
261737,Production
261986,Development
261990,Sales
262208,Sales
262210,Development
262328,Sales
262439,Marketing
262636,Development
262752,Development
262928,Quality Management
263012,Human Resources
263186,Development
263370,Sales
263439,Development
263645,Development
263649,Sales
263926,Sales
264030,Production
264167,Development
264322,Sales
264626,Marketing
264939,Production
265039,Finance
265521,Production
265558,Sales
265794,Sales
265875,Production
266206,Marketing
266249,Sales
266310,Research
266644,Finance
266862,Research
266881,Marketing
267059,Customer Service
267227,Production
267304,Sales
267667,Sales
268043,Development
268191,Production
269728,Marketing
270084,Marketing
270716,Sales
270794,Marketing
271106,Production
271219,Production
272141,Development
272285,Customer Service
272316,Production
272452,Development
272599,Marketing
272860,Production
273159,Development
273286,Development
273396,Development
273806,Marketing
273858,Sales
274071,Human Resources
274271,Sales
274369,Research
274813,Sales
275158,Development
275263,Development
275444,Development
275495,Sales
275801,Sales
275881,Production
275994,Production
276027,Research
276184,Sales
276186,Human Resources
276189,Human Resources
276445,Production
276472,Development
276563,Customer Service
276868,Marketing
277316,Sales
277362,Customer Service
277420,Production
277777,Development
277829,Development
278239,Research
278386,Quality Management
278452,Human Resources
278536,Marketing
278549,Sales
278953,Development
279115,Development
279280,Production
279791,Development
280070,Human Resources
280291,Customer Service
280420,Sales
280525,Sales
280648,Production
281570,Development
281692,Quality Management
281848,Development
281859,Production
282191,Development
282333,Research
282343,Sales
282547,Development
282585,Customer Service
282894,Development
284300,Marketing
284431,Sales
284561,Quality Management
284687,Development
284691,Development
284711,Development
284717,Development
284856,Quality Management
284954,Quality Management
285164,Sales
285396,Development
285905,Research
285906,Development
286026,Sales
286029,Customer Service
286370,Human Resources
286452,Development
286573,Development
286779,Production
286986,Development
287323,Sales
287327,Human Resources
287334,Production
287482,Quality Management
287583,Production
287609,Development
287713,Finance
287808,Development
287983,Marketing
287984,Development
288028,Development
288142,Sales
288166,Human Resources
288560,Marketing
288563,Production
288606,Sales
288665,Development
288893,Development
289454,Development
289687,Research
289807,Customer Service
289909,Sales
290009,Human Resources
290075,Human Resources
290284,Development
290441,Sales
290467,Research
290478,Quality Management
290563,Production
290769,Development
291352,Development
291612,Development
291669,Development
292110,Development
292146,Development
292210,Development
292404,Research
292504,Quality Management
292515,Development
292828,Production
293080,Human Resources
293154,Sales
293280,Development
293329,Development
293746,Development
293752,Sales
294144,Sales
294241,Finance
294446,Finance
294461,Development
294527,Marketing
294652,Development
294791,Development
294857,Development
295030,Customer Service
295236,Development
295254,Human Resources
295255,Production
295262,Production
295268,Human Resources
295278,Development
295411,Sales
295857,Human Resources
296062,Research
296303,Development
296428,Sales
296664,Production
296687,Research
296718,Production
297232,Sales
297431,Marketing
297474,Research
297905,Development
297954,Production
298339,Development
298577,Finance
298953,Finance
299346,Human Resources
299580,Quality Management
299718,Research
299737,Sales
400046,Development
400358,Development
400683,Sales
400780,Development
400796,Development
401154,Human Resources
401278,Production
401333,Production
401420,Customer Service
401574,Production
402025,Quality Management
402102,Development
402664,Production
402718,Development
402827,Finance
403010,Development
403621,Marketing
403644,Human Resources
403954,Development
404018,Development
404236,Development
404462,Development
404573,Human Resources
404755,Marketing
404788,Development
405015,Sales
405063,Production
406125,Production
406239,Development
406564,Development
406714,Research
406847,Sales
407522,Finance
407837,Production
408019,Production
408114,Development
408163,Development
408417,Sales
408437,Customer Service
408447,Marketing
408654,Customer Service
408953,Development
409391,Production
409798,Production
409805,Quality Management
409898,Development
410028,Human Resources
410372,Development
410433,Production
410616,Development
410804,Production
410881,Production
411070,Development
411082,Production
411143,Marketing
412404,Production
412757,Development
413098,Research
413205,Sales
413666,Finance
413729,Development
413831,Customer Service
413832,Human Resources
414027,Customer Service
414091,Development
414543,Production
414551,Development
414662,Development
414714,Research
414814,Customer Service
414897,Sales
415187,Production
415338,Production
415363,Marketing
415563,Development
416074,Development
416383,Development
416420,Sales
416492,Development
416660,Development
416720,Production
416877,Marketing
416892,Production
417435,Sales
418239,Production
418247,Marketing
418298,Production
418309,Production
418380,Production
418566,Production
418606,Production
418717,Sales
418860,Marketing
419099,Sales
419953,Marketing
420086,Development
420476,Customer Service
420557,Sales
420694,Research
420732,Marketing
420759,Sales
420765,Sales
420877,Finance
421022,Sales
421033,Sales
421074,Sales
421312,Development
421384,Human Resources
421755,Production
422146,Development
422783,Production
423038,Sales
423204,Sales
423208,Development
423214,Finance
423327,Sales
423350,Sales
423633,Development
423993,Development
424569,Development
424584,Development
424685,Finance
424797,Sales
424805,Sales
424930,Human Resources
424984,Development
425437,Development
425535,Marketing
425540,Finance
425757,Production
425780,Sales
425830,Development
425875,Sales
426153,Sales
426168,Finance
426228,Development
426235,Human Resources
426644,Production
426706,Production
426795,Customer Service
426818,Customer Service
426819,Production
426824,Sales
426958,Production
427313,Research
427320,Development
427332,Customer Service
427571,Development
427776,Finance
427805,Finance
427823,Customer Service
427852,Production
428082,Human Resources
428160,Marketing
428195,Finance
428219,Sales
428917,Development
429087,Quality Management
429231,Sales
429238,Sales
429249,Development
429316,Finance
429381,Sales
429481,Development
429520,Quality Management
429532,Customer Service
429569,Development
429703,Human Resources
429899,Marketing
429954,Sales
430054,Development
430558,Quality Management
430593,Customer Service
430631,Development
430891,Production
431576,Finance
431657,Development
431882,Development
431887,Development
432031,Sales
432034,Human Resources
432121,Customer Service
432257,Production
432261,Development
432399,Customer Service
432523,Development
432665,Development
432787,Development
432956,Marketing
433059,Sales
433157,Sales
433260,Quality Management
433438,Research
434845,Sales
434936,Development
435042,Sales
435060,Sales
435181,Marketing
435289,Marketing
435305,Sales
435370,Sales
435588,Human Resources
435602,Sales
435774,Sales
435791,Quality Management
436558,Development
436797,Finance
436827,Human Resources
436915,Research
437276,Finance
437369,Sales
437395,Marketing
437724,Human Resources
437870,Customer Service
438038,Marketing
438264,Customer Service
438557,Development
439377,Development
439905,Customer Service
439924,Finance
440325,Sales
440435,Development
440450,Human Resources
440642,Sales
440870,Marketing
440937,Research
441197,Sales
441536,Production
441954,Production
441965,Research
442002,Sales
442096,Production
442312,Production
442490,Production
442653,Development
442700,Research
442898,Production
443108,Human Resources
443485,Research
443841,Sales
443873,Marketing
444070,Customer Service
444099,Sales
444208,Sales
444465,Development
444487,Development
444643,Research
445067,Quality Management
445152,Research
445226,Production
445570,Development
445723,Production
445941,Production
445950,Quality Management
446121,Sales
446306,Production
446424,Development
446897,Production
446959,Development
447018,Production
447135,Human Resources
447232,Customer Service
447376,Research
447544,Sales
447613,Development
447877,Quality Management
447931,Sales
447966,Production
447982,Production
447999,Development
448769,Production
448900,Sales
448918,Production
448994,Finance
449189,Sales
449815,Research
449984,Development
450184,Development
450255,Development
450309,Quality Management
450475,Finance
450817,Quality Management
450888,Sales
450934,Production
450936,Finance
451253,Sales
451272,Development
451275,Research
451333,Human Resources
452137,Production
452206,Sales
452325,Development
452347,Sales
452365,Development
452956,Customer Service
452957,Sales
452982,Marketing
453070,Human Resources
453154,Customer Service
453644,Marketing
453688,Quality Management
453723,Production
453760,Customer Service
453790,Development
453913,Marketing
454338,Quality Management
454378,Production
454736,Development
454791,Production
454825,Production
454994,Production
455175,Marketing
455284,Quality Management
455726,Sales
455814,Production
455914,Development
456767,Sales
456982,Development
457070,Human Resources
457146,Research
457305,Sales
457337,Quality Management
457411,Development
457489,Production
457611,Development
457776,Production
457813,Production
457832,Development
457938,Marketing
458111,Production
458134,Human Resources
458191,Research
458383,Development
458726,Customer Service
458790,Production
459172,Development
459356,Development
459429,Sales
459685,Quality Management
460131,Sales
460691,Human Resources
460707,Development
460920,Sales
461120,Development
461270,Sales
461801,Sales
462493,Quality Management
462795,Research
463023,Marketing
463099,Finance
463212,Production
463472,Production
463495,Human Resources
464284,Sales
464303,Customer Service
465062,Production
465076,Production
465085,Customer Service
465409,Marketing
465501,Human Resources
465711,Development
465853,Human Resources
465874,Production
466064,Sales
466367,Customer Service
466509,Development
466603,Marketing
466745,Human Resources
467176,Human Resources
467269,Development
467392,Production
467441,Production
467591,Human Resources
467886,Marketing
467918,Customer Service
468360,Development
468417,Production
468659,Development
468773,Quality Management
469104,Production
469253,Development
469269,Production
469366,Quality Management
469399,Development
469527,Research
469529,Quality Management
469735,Development
469867,Research
470456,Sales
470472,Development
471397,Development
471532,Development
471552,Finance
471911,Quality Management
471939,Production
472052,Development
472143,Sales
472238,Production
472790,Development
472950,Production
473268,Sales
473299,Sales
473490,Research
473940,Production
474331,Human Resources
474763,Development
474796,Production
475087,Production
475258,Production
475538,Human Resources
475938,Development
475965,Development
476055,Research
476122,Production
476327,Production
476361,Development
477350,Sales
477578,Development
477969,Development
478007,Production
478170,Development
478218,Development
478439,Development
478768,Production
478799,Marketing
478833,Production
478858,Customer Service
479024,Production
479407,Production
479601,Research
479695,Human Resources
480035,Development
480066,Quality Management
480178,Research
480268,Development
480407,Development
481050,Human Resources
481213,Sales
481397,Production
481764,Production
481790,Development
482335,Development
482354,Research
482755,Marketing
482885,Production
482905,Finance
482944,Sales
483401,Sales
483675,Production
483825,Production
483838,Production
483978,Sales
484126,Human Resources
484142,Human Resources
484498,Production
484756,Development
485253,Customer Service
485489,Development
485577,Development
485579,Development
485799,Research
485817,Production
486068,Human Resources
486808,Quality Management
486918,Sales
486956,Production
486958,Development
487008,Sales
487505,Research
487988,Human Resources
488095,Customer Service
488142,Sales
488482,Development
488540,Finance
488619,Production
488693,Development
488707,Sales
488752,Marketing
488788,Customer Service
488984,Sales
489755,Finance
489756,Finance
489928,Development
490551,Development
490557,Production
490568,Development
490720,Production
491079,Development
491162,Development
491478,Sales
491596,Quality Management
491632,Customer Service
492000,Human Resources
492052,Customer Service
492217,Development
492639,Development
492677,Production
493031,Customer Service
493048,Sales
493096,Development
493744,Production
494019,Marketing
494088,Production
494493,Marketing
494995,Sales
496100,Customer Service
496970,Production
496978,Marketing
497007,Production
497174,Development
497340,Marketing
497391,Quality Management
497835,Production
498185,Development
498337,Sales
498456,Customer Service
498635,Sales
498838,Research
498845,Development
498955,Production
499194,Marketing
499260,Production
499495,Development
